OID_,Id,area_km2,CreationDa,EditDate,code_id,Long,Lat,Act_or_Gen,MatchMaxar
0,0,0.005875849633860,10/22/2020 0:00:00,10/22/2020 0:00:00,1,68.387163374300002,69.967105482999997,Active,Yes
1,1,0.003526616325900,10/22/2020 0:00:00,10/22/2020 0:00:00,2,68.387694780499999,69.966676607200000, , 
2,2,0.000761442554335,10/22/2020 0:00:00,10/22/2020 0:00:00,2,68.367278802900003,69.971246127699999, , 
3,3,0.000529904562257,10/22/2020 0:00:00,10/22/2020 0:00:00,1,68.336127943500003,69.965302423899999,Active,Yes
4,4,0.004716099309750,10/22/2020 0:00:00,10/22/2020 0:00:00,2,68.366733277199998,69.972663464600004, , 
5,5,0.007996414609980,10/22/2020 0:00:00,10/22/2020 0:00:00,1,68.365300188500001,69.972239861999995,General,Yes
6,6,0.001523719771130,10/22/2020 0:00:00,10/22/2020 0:00:00,1,68.508311264499994,69.989372251099994,Active,Yes
7,7,0.002393509125190,10/22/2020 0:00:00,10/22/2020 0:00:00,1,68.341692789899994,69.958774702800000,Active,Yes
8,9,0.009326330042440,10/28/2020 0:00:00,10/28/2020 0:00:00,1,80.834496130399998,71.440338357599998,Active,Yes
9,10,0.015035704403900,10/28/2020 0:00:00,10/28/2020 0:00:00,1,80.837753899999996,71.440850855099995,Active,Yes
10,11,0.007890860568820,10/28/2020 0:00:00,10/28/2020 0:00:00,1,80.835086136599998,71.434186228399994,Active,Yes
11,12,0.019596957200700,10/28/2020 0:00:00,10/28/2020 0:00:00,2,80.843852661200003,71.441161755899998, , 
12,13,0.000439414406629,10/28/2020 0:00:00,10/28/2020 0:00:00,1,80.869277266699996,71.270897677999997,Active,Yes
13,14,0.005659784725880,10/28/2020 0:00:00,10/28/2020 0:00:00,1,80.870120719499994,71.269792922799994,Active,Yes
14,15,0.004602364780230,10/28/2020 0:00:00,10/28/2020 0:00:00,2,80.871686055599994,71.269558734300006, , 
15,16,0.008332051641850,10/28/2020 0:00:00,10/28/2020 0:00:00,1,80.981623903599996,71.248743855599997,General,Yes
16,17,0.003405925178050,10/28/2020 0:00:00,10/28/2020 0:00:00,2,80.980281282000007,71.248856558499995, , 
17,18,0.006802403959680,10/28/2020 0:00:00,10/28/2020 0:00:00,1,80.870043511600002,71.230111331700002,General,Yes
18,19,0.008258486661430,10/28/2020 0:00:00,10/28/2020 0:00:00,1,81.193901205700001,71.171096727399998,Active,Yes
19,20,0.005289822435550,10/28/2020 0:00:00,10/28/2020 0:00:00,2,81.210291993400006,71.169542787699996, , 
20,22,0.000970129637120,10/28/2020 0:00:00,10/28/2020 0:00:00,1,81.214791793100005,71.167059218500000,General,Yes
21,23,0.002046919628750,10/28/2020 0:00:00,10/28/2020 0:00:00,1,81.211590780500003,71.160042390800001,General,Yes
22,24,0.001665341470500,10/28/2020 0:00:00,10/28/2020 0:00:00,1,81.212850561799996,71.159760897699996,Active,Yes
23,25,0.010474430435500,10/28/2020 0:00:00,10/28/2020 0:00:00,2,80.754671678700007,71.233409528099997, , 
24,26,0.000197937980656,10/28/2020 0:00:00,10/28/2020 0:00:00,1,67.779690659699995,69.774887672700004,Active,Yes
25,27,0.000355583425116,10/28/2020 0:00:00,10/28/2020 0:00:00,1,67.812850575200002,69.784244346500003,Active,Yes
26,28,0.000942451839227,10/28/2020 0:00:00,10/28/2020 0:00:00,1,67.870842113300000,69.827376056899993,Active,Yes
27,29,0.000433694431245,10/28/2020 0:00:00,10/28/2020 0:00:00,1,67.590479570499994,70.141558982800007,Active,Yes
28,30,0.001557501796640,10/28/2020 0:00:00,10/28/2020 0:00:00,1,68.482114891699993,69.627241749099994,Active,Yes
29,31,0.007931061644430,10/28/2020 0:00:00,10/28/2020 0:00:00,1,68.370610458900003,70.069762948999994,General,Yes
30,32,0.002494288032000,10/28/2020 0:00:00,10/28/2020 0:00:00,1,68.373204079999994,70.069789544599999, ,Yes
31,33,0.002166144988420,10/28/2020 0:00:00,10/28/2020 0:00:00,1,68.454175293999995,70.082042621499994,General,Yes
32,34,0.002988664670080,10/28/2020 0:00:00,10/28/2020 0:00:00,1,68.451999607000005,70.081664487500007,General,Yes
33,35,0.001840870693240,10/28/2020 0:00:00,12/17/2020 0:00:00,1,68.433683389199999,69.909760561799999,Active,Yes
34,36,0.002158939990340,11/2/2020 0:00:00,11/2/2020 0:00:00,1,68.225272585599996,69.975370706099994, , 
35,37,0.011608870243200,11/2/2020 0:00:00,11/2/2020 0:00:00,2,68.527088384899997,69.849324316600004, , 
36,38,0.002096251316670,11/2/2020 0:00:00,11/2/2020 0:00:00,1,68.442071437600006,69.628467819999997,Active,Yes
37,39,0.003850034003650,11/2/2020 0:00:00,11/2/2020 0:00:00,1,68.445693266399999,69.627858681299998,Active,Yes
38,40,0.000444515454024,11/4/2020 0:00:00,11/4/2020 0:00:00,1,68.333142489400004,69.952608922899998,Active,Yes
39,41,0.001809011986400,11/4/2020 0:00:00,11/4/2020 0:00:00,1,68.335307776600004,69.954225541200003,Active,Yes
40,42,0.000225934232067,11/4/2020 0:00:00,11/4/2020 0:00:00,1,68.290018719900004,69.922938638100007,Active,Yes
41,43,0.000791796257414,11/4/2020 0:00:00,12/17/2020 0:00:00,1,68.340977903899997,70.015255659600001,Active,Yes
42,44,0.002335177479430,11/4/2020 0:00:00,11/4/2020 0:00:00,1,68.339150026599995,70.016675776599996,Active,Yes
43,45,0.001214995736760,11/4/2020 0:00:00,11/4/2020 0:00:00,1,68.340613759700005,70.015642178600004,General,Yes
44,46,0.003689237820070,11/4/2020 0:00:00,11/4/2020 0:00:00,1,80.456254224000006,71.369396997600006,Active,Yes
45,47,0.002129329657620,11/4/2020 0:00:00,11/4/2020 0:00:00,1,80.532761265900007,71.351904760699995,General,Yes
46,48,0.002641645677940,11/4/2020 0:00:00,11/4/2020 0:00:00,2,80.532421158000005,71.352361343699997, , 
47,49,0.001763248555270,11/4/2020 0:00:00,11/4/2020 0:00:00,2,80.533837722599998,71.352494980000003, , 
48,52,0.003166826682450,11/4/2020 0:00:00,11/4/2020 0:00:00,1,80.515384972299998,71.270238789299995,General,Yes
49,53,0.000550761684904,11/4/2020 0:00:00,11/4/2020 0:00:00,2,80.515298292099999,71.270642073600001, , 
50,54,0.004279041105290,11/4/2020 0:00:00,11/4/2020 0:00:00,2,80.539774487700001,71.239401785300004, , 
51,55,0.001715079296150,11/4/2020 0:00:00,11/4/2020 0:00:00,2,80.539856716700001,71.240632276800000, , 
52,56,0.008361896908250,11/4/2020 0:00:00,11/4/2020 0:00:00,2,80.540628651000006,71.241588972299994, , 
53,57,0.002580795959600,11/4/2020 0:00:00,11/4/2020 0:00:00,2,80.542504016600006,71.237747176300005, , 
54,58,0.008283321275210,11/4/2020 0:00:00,11/4/2020 0:00:00,2,80.540274335600003,71.238421204399998, , 
55,59,0.000740851176160,11/4/2020 0:00:00,11/4/2020 0:00:00,1,80.683137968400004,71.241167818999998,Active,Yes
56,60,0.000259311042005,11/4/2020 0:00:00,11/4/2020 0:00:00,2,80.683638051200006,71.241057182800006, , 
57,61,0.006414139054180,11/4/2020 0:00:00,11/4/2020 0:00:00,1,66.831174036899995,67.055731459499995,Active,Yes
58,62,0.007035530787000,11/4/2020 0:00:00,11/4/2020 0:00:00,2,80.460596850000002,71.388721434100006, , 
59,63,0.002568855359980,11/4/2020 0:00:00,11/4/2020 0:00:00,2,80.633303418699995,71.249556613199999, , 
60,64,0.000128825227996,11/4/2020 0:00:00,11/4/2020 0:00:00,2,80.632293450800006,71.250545236299999, , 
61,66,0.002106164547510,11/4/2020 0:00:00,11/4/2020 0:00:00,2,80.631894392800007,71.249955688300005, , 
62,67,0.000590723570085,11/4/2020 0:00:00,11/4/2020 0:00:00,1,67.585509383300007,70.164922044299999,Active,Yes
63,68,0.001626621117960,11/4/2020 0:00:00,11/4/2020 0:00:00,1,67.214394513599999,67.981920093699998,Active,Yes
64,69,0.002659548034980,11/4/2020 0:00:00,11/4/2020 0:00:00,2,67.213855327999994,67.981122927100003, , 
65,70,0.002444075690770,11/4/2020 0:00:00,11/4/2020 0:00:00,2,80.511405666200005,71.356154927000006, , 
66,71,0.000890667026860,11/4/2020 0:00:00,11/4/2020 0:00:00,2,80.511350084599997,71.355776723700004, , 
67,72,0.002518731143960,11/4/2020 0:00:00,11/4/2020 0:00:00,1,80.512040855899997,71.355658451200000,Active,Yes
68,73,0.007549107315020,11/4/2020 0:00:00,11/4/2020 0:00:00,2,66.820037916499999,66.863033418800001, , 
69,74,0.002006370864200,11/4/2020 0:00:00,11/4/2020 0:00:00,1,66.821621552600007,66.863514122900000,General,Yes
70,75,0.002324514148290,11/4/2020 0:00:00,11/4/2020 0:00:00,1,66.821937668900006,66.864145547700005,Active,Yes
71,76,0.000957856723056,11/4/2020 0:00:00,11/4/2020 0:00:00,2,66.822256703700006,66.863884440899994, , 
72,77,0.001412177955340,11/4/2020 0:00:00,11/4/2020 0:00:00,1,67.578381324099993,70.130946711099995,Active,Yes
73,79,0.000169587489226,11/4/2020 0:00:00,11/4/2020 0:00:00,1,67.588548485499999,70.123957236899997,Active,Yes
74,80,0.000225451186021,11/4/2020 0:00:00,11/4/2020 0:00:00,1,67.586762503299994,70.123620263600003,Active,Yes
75,81,0.000813781738376,11/4/2020 0:00:00,11/4/2020 0:00:00,1,67.795420998599994,70.062814947099994,Active,Yes
76,82,0.002105631900360,11/4/2020 0:00:00,11/4/2020 0:00:00,1,67.810041138100004,69.955363213100000,Active,Yes
77,83,0.000290671874994,11/4/2020 0:00:00,11/4/2020 0:00:00,1,68.296451323799999,69.903095892099998,Active,Yes
78,84,0.000318082615727,11/4/2020 0:00:00,11/4/2020 0:00:00,1,68.296461144999995,69.902817318800004,Active,Yes
79,85,0.000540148992449,11/4/2020 0:00:00,11/4/2020 0:00:00,1,68.396044849999996,69.639259331700003,Active,Yes
80,86,0.000557852743055,11/4/2020 0:00:00,11/4/2020 0:00:00,1,68.768788255399997,69.721562551299996,General,Yes
81,87,0.000195807340451,11/4/2020 0:00:00,11/4/2020 0:00:00,1,68.787346431299994,69.722986524199996,General,Yes
82,88,0.000112416020624,11/4/2020 0:00:00,11/4/2020 0:00:00,1,68.785867500699993,69.723502177399993,General,Yes
83,89,0.000631929942718,11/4/2020 0:00:00,11/4/2020 0:00:00,1,78.056312726599998,70.515487417299994,General,Yes
84,90,0.001120532312000,11/4/2020 0:00:00,2/12/2021 0:00:00,1,77.877408982700004,70.246337025499997,Active,Yes
85,91,0.002819054049950,11/4/2020 0:00:00,11/4/2020 0:00:00,1,78.197751788100007,70.295050704800005,Active,Yes
86,92,0.001390832942560,11/5/2020 0:00:00,11/5/2020 0:00:00,1,68.334139831300007,69.954717168900004,Active,Yes
87,93,0.001685914501470,11/5/2020 0:00:00,2/5/2021 0:00:00,2,68.283900008100005,69.922378030700003, , 
88,94,0.000138253942961,11/5/2020 0:00:00,11/5/2020 0:00:00,1,68.337952246800000,69.952272438899996, ,Yes
89,95,0.005158906369230,11/5/2020 0:00:00,11/5/2020 0:00:00,2,68.526932329900006,69.853040762000006, , 
90,96,0.000281931626685,11/5/2020 0:00:00,11/5/2020 0:00:00,1,68.418321959699995,69.630356273700002,Active,Yes
91,97,0.000434353476579,11/5/2020 0:00:00,12/17/2020 0:00:00,1,68.405278108100006,69.634237377399998,Active,Yes
92,98,0.006491091781820,11/5/2020 0:00:00,11/5/2020 0:00:00,2,68.414042463700000,69.633765298000000, , 
93,99,0.000324944031000,11/5/2020 0:00:00,11/5/2020 0:00:00,1,68.415796854700005,69.633919189899999,Active,Yes
94,100,0.000563758276574,11/5/2020 0:00:00,11/5/2020 0:00:00,1,68.491480777999996,69.633422261199996,Active,Yes
95,101,0.000501257082617,11/5/2020 0:00:00,11/5/2020 0:00:00,1,68.416892341299999,69.646799254200005,Active,Yes
96,102,0.001511284877260,11/5/2020 0:00:00,11/5/2020 0:00:00,2,68.417923092999999,69.647136483099999, , 
97,103,0.000255638653045,11/5/2020 0:00:00,11/5/2020 0:00:00,1,68.415684861599999,69.648646655700006,Active,Yes
98,104,0.000872773917048,11/5/2020 0:00:00,11/5/2020 0:00:00,1,68.390630582900002,69.639972880900004,Active,Yes
99,105,0.000484983232734,11/5/2020 0:00:00,11/5/2020 0:00:00,1,68.412000408599994,69.637780982699994,Active,Yes
100,106,0.002729755782000,11/5/2020 0:00:00,11/5/2020 0:00:00,2,68.402953567699996,69.634238843700004, , 
101,107,0.000239311293927,11/5/2020 0:00:00,11/5/2020 0:00:00,1,68.375554385300006,69.695755412599993,Active,Yes
102,108,0.002675073217370,11/5/2020 0:00:00,11/5/2020 0:00:00,1,67.882756747499997,69.632696834499995,Active,Yes
103,109,0.000311609821410,11/5/2020 0:00:00,11/5/2020 0:00:00,1,68.510315813899993,69.846933839900004,Active,Yes
104,110,0.000652574083283,11/5/2020 0:00:00,11/5/2020 0:00:00,1,68.507331427400004,69.846388185300000,Active,Yes
105,111,0.000660635769849,11/9/2020 0:00:00,11/9/2020 0:00:00,1,68.364465005100001,70.017060053700007,Active,Yes
106,112,0.001409585768950,11/9/2020 0:00:00,11/9/2020 0:00:00,2,68.365483162999993,70.017041287400005, , 
107,113,0.000143155561527,11/9/2020 0:00:00,11/9/2020 0:00:00,1,68.364990154400004,70.018060481999996, , 
108,114,0.001117620303830,11/9/2020 0:00:00,11/9/2020 0:00:00,2,68.365575862900002,70.017726799399995, , 
109,115,0.000018564825003,11/9/2020 0:00:00,11/9/2020 0:00:00,1,68.154369077400005,70.072983335200007,Active,Yes
110,116,0.000759263315596,11/9/2020 0:00:00,11/9/2020 0:00:00,1,67.927557829799994,70.209869130399994,Active,Yes
111,117,0.002819677464270,11/9/2020 0:00:00,11/9/2020 0:00:00,1,67.930570645200007,70.209264852199993,Active,Yes
112,118,0.001381600959610,11/9/2020 0:00:00,11/9/2020 0:00:00,1,67.932854421000002,70.208853143300004,Active,Yes
113,119,0.000573200767786,11/9/2020 0:00:00,11/9/2020 0:00:00,1,67.941196342500007,70.207947433200005,Active,Yes
114,120,0.006100701441120,11/9/2020 0:00:00,11/9/2020 0:00:00,1,67.982548085500000,70.227051726300004,Active,Yes
115,121,0.014645331545100,11/12/2020 0:00:00,11/12/2020 0:00:00,1,68.521019529200004,70.127190788400000,General,Yes
116,123,0.003074279930920,11/12/2020 0:00:00,2/5/2021 0:00:00,1,68.366397894299993,70.143789511400001,General,Yes
117,124,0.001223621153480,11/12/2020 0:00:00,11/12/2020 0:00:00,1,67.890994539000005,70.208867708200003,General,Yes
118,125,0.001059178821410,11/12/2020 0:00:00,11/12/2020 0:00:00,1,68.889686439900004,69.684401039400001,General,Yes
119,126,0.000580007695466,11/12/2020 0:00:00,11/12/2020 0:00:00,1,68.942000902700002,69.720306726299995,General,Yes
120,127,0.001153005672900,11/12/2020 0:00:00,11/12/2020 0:00:00,1,68.598078060999995,69.753812353499995,Active,Yes
121,128,0.003402803871880,11/12/2020 0:00:00,11/12/2020 0:00:00,1,68.562670685100002,70.089143006000000,General,Yes
122,130,0.000630013478998,11/12/2020 0:00:00,11/12/2020 0:00:00,1,68.142771990499995,70.193899204399997,General,Yes
123,131,0.007014005629500,11/12/2020 0:00:00,11/12/2020 0:00:00,1,75.089400134100003,71.071650279099998,General,Yes
124,132,0.006418759299320,11/12/2020 0:00:00,11/12/2020 0:00:00,1,75.087227055400007,71.072642452500006,General,Yes
125,133,0.002274263425090,11/12/2020 0:00:00,11/12/2020 0:00:00,1,79.249912925499999,71.187463099400006,Active,Yes
126,134,0.003652007322720,11/12/2020 0:00:00,11/12/2020 0:00:00,1,79.247496864400006,71.188047910799995,General,Yes
127,135,0.002494679874710,11/12/2020 0:00:00,11/12/2020 0:00:00,1,79.214982591699993,71.204106214099994,Active,Yes
128,136,0.001946737091560,11/12/2020 0:00:00,11/12/2020 0:00:00,1,79.141268435399994,71.375046764399997,Active,Yes
129,137,0.006317275506230,11/12/2020 0:00:00,11/12/2020 0:00:00,1,79.076928194700002,71.405175219300006,Active,Yes
130,138,0.009062665771180,11/12/2020 0:00:00,11/12/2020 0:00:00,1,79.100038554999998,71.417731683499994,Active,Yes
131,139,0.001431140282260,11/12/2020 0:00:00,11/12/2020 0:00:00,1,79.094902841099994,71.415954733999996,Active,Yes
132,140,0.001065987859610,11/12/2020 0:00:00,11/12/2020 0:00:00,1,79.094053660300006,71.416437905400002,Active,Yes
133,141,0.008437318013740,11/12/2020 0:00:00,11/12/2020 0:00:00,1,79.343284026600003,71.434537980900004,Active,Yes
134,142,0.007095827878240,11/12/2020 0:00:00,11/12/2020 0:00:00,1,67.772631567600001,69.621663134000002,General,Yes
135,143,0.000295541175304,11/12/2020 0:00:00,11/12/2020 0:00:00,1,71.168634741700004,68.920493748400006,Active,Yes
136,144,0.002508320327410,11/23/2020 0:00:00,11/23/2020 0:00:00,1,68.345242578200001,70.076960149100003,Active,Yes
137,145,0.000435494231898,11/29/2020 0:00:00,11/29/2020 0:00:00,1,67.814672681100006,69.990207247699999,Active,Yes
138,146,0.000847472169848,11/29/2020 0:00:00,11/29/2020 0:00:00,2,67.813228535199997,69.990623442399993, , 
139,147,0.000685204768891,11/29/2020 0:00:00,11/29/2020 0:00:00,1,67.880599170300002,70.072710131500003, ,Yes
140,148,0.000397726913411,11/29/2020 0:00:00,11/29/2020 0:00:00,1,67.785282752200004,70.067316045300004,Active,Yes
141,149,0.006030143064370,11/29/2020 0:00:00,11/29/2020 0:00:00,1,67.790078134300003,70.113687411000001,Active,Yes
142,150,0.000302483508942,11/29/2020 0:00:00,11/29/2020 0:00:00,1,67.714864173699993,70.114007607100007,Active,Yes
143,151,0.007981759337370,11/29/2020 0:00:00,11/29/2020 0:00:00,1,67.624322715399998,70.156267671699993,Active,Yes
144,152,0.002612134759850,11/30/2020 0:00:00,12/17/2020 0:00:00,1,68.440377572800003,70.113403089299993,Active,Yes
145,153,0.000146793254424,12/2/2020 0:00:00,12/2/2020 0:00:00,1,78.016327275400002,70.186605295600003,Active,Yes
146,154,0.000306006897283,12/2/2020 0:00:00,12/2/2020 0:00:00,1,77.976923324200001,70.186386454000001,Active,Yes
147,155,0.001274531461700,12/2/2020 0:00:00,12/2/2020 0:00:00,1,77.975399004200000,70.184529413999996,General,Yes
148,157,0.001196917121660,12/2/2020 0:00:00,12/2/2020 0:00:00,1,77.907964309600004,70.159346106900003,Active,Yes
149,158,0.000645718796338,12/2/2020 0:00:00,12/2/2020 0:00:00,1,77.905033932899997,70.145695346599993,Active,Yes
150,159,0.000221414272469,12/2/2020 0:00:00,12/2/2020 0:00:00,1,77.905784151700004,70.143640889400004,Active,Yes
151,160,0.000736892978904,12/2/2020 0:00:00,12/2/2020 0:00:00,1,77.800849263600000,70.113827321200006,Active,Yes
152,161,0.001407154517390,12/2/2020 0:00:00,12/2/2020 0:00:00,1,77.774560856700006,70.108005018100002,Active,Yes
153,162,0.002284817953640,12/2/2020 0:00:00,12/2/2020 0:00:00,1,77.861159728600001,70.183711625000001,Active,Yes
154,163,0.001000104111010,12/2/2020 0:00:00,12/2/2020 0:00:00,1,77.866812492199998,70.185662413599999,Active,Yes
155,164,0.002354210057940,12/2/2020 0:00:00,12/2/2020 0:00:00,2,77.865709243699996,70.185705533499998, , 
156,165,0.002174415384580,12/2/2020 0:00:00,12/2/2020 0:00:00,2,77.881905393300002,70.196499124799999, , 
157,166,0.000097929697174,12/2/2020 0:00:00,12/2/2020 0:00:00,1,77.895517599700000,70.197634106999999,Active,Yes
158,167,0.000368120278337,12/2/2020 0:00:00,12/2/2020 0:00:00,1,77.884317433999996,70.196391432499993,Active,Yes
159,168,0.003535383118770,12/2/2020 0:00:00,12/2/2020 0:00:00,2,77.889813833999995,70.198652009599996, , 
160,169,0.000814576324733,12/2/2020 0:00:00,12/2/2020 0:00:00,1,77.882944866100004,70.198599956400002,Active,Yes
161,170,0.003355781800110,12/2/2020 0:00:00,2/12/2021 0:00:00,1,77.884237385199995,70.199249942400002,General,Yes
162,171,0.001076612768300,12/2/2020 0:00:00,2/12/2021 0:00:00,1,77.887062589300001,70.199570074400000,General,Yes
163,172,0.000248984435094,12/2/2020 0:00:00,12/2/2020 0:00:00,1,77.713972630000001,70.192465648099997,Active,Yes
164,173,0.000266863698989,12/2/2020 0:00:00,12/2/2020 0:00:00,1,77.654283244799998,70.145713973599996,Active,Yes
165,174,0.001323828149240,12/2/2020 0:00:00,12/2/2020 0:00:00,1,77.512954518300006,70.196383711799996,Active,Yes
166,175,0.000439991445824,12/2/2020 0:00:00,12/2/2020 0:00:00,1,77.359459932899995,70.196918974200003,Active,Yes
167,176,0.001589457290780,12/2/2020 0:00:00,12/2/2020 0:00:00,1,77.296925793200003,70.203910214100006,Active,Yes
168,177,0.000263455658838,12/2/2020 0:00:00,12/2/2020 0:00:00,1,77.352106421299993,70.148120740899998,Active,Yes
169,178,0.000915147933790,12/2/2020 0:00:00,12/2/2020 0:00:00,1,77.825594110400004,70.158703095999996,Active,Yes
170,179,0.000328359499379,12/2/2020 0:00:00,12/2/2020 0:00:00,1,77.819453066099996,70.158780953900006,Active,Yes
171,180,0.000408809030720,12/2/2020 0:00:00,12/2/2020 0:00:00,2,77.819900474199997,70.158618050000001, , 
172,181,0.000195838041131,12/2/2020 0:00:00,12/2/2020 0:00:00,1,77.818002099200001,70.155549718499998,Active,Yes
173,182,0.002639590548980,12/2/2020 0:00:00,12/17/2020 0:00:00,1,77.796222478199994,70.138750738400006,Active,Yes
174,183,0.000257106001949,12/2/2020 0:00:00,12/2/2020 0:00:00,1,77.799179547500003,70.139611813900004,Active,Yes
175,184,0.000376200157759,12/2/2020 0:00:00,12/2/2020 0:00:00,1,77.801784526999995,70.140951658299997,Active,Yes
176,185,0.001914016980730,12/2/2020 0:00:00,12/2/2020 0:00:00,1,77.804228823299994,70.141143044299994,Active,Yes
177,186,0.003981545198840,12/2/2020 0:00:00,12/2/2020 0:00:00,1,77.974205146700001,70.196496445700006,Active,Yes
178,187,0.000202745882028,12/2/2020 0:00:00,12/2/2020 0:00:00,1,78.021477633200007,70.191261690800005,Active,Yes
179,188,0.000316450014627,12/2/2020 0:00:00,12/2/2020 0:00:00,1,78.053008709699995,70.180015616099993,Active,Yes
180,189,0.000373900575219,12/2/2020 0:00:00,12/2/2020 0:00:00,1,78.052967649699994,70.180291642800000,Active,Yes
181,190,0.004071246011220,12/2/2020 0:00:00,12/2/2020 0:00:00,1,78.056812414600003,70.187016345100005,Active,Yes
182,191,0.000741089536459,12/2/2020 0:00:00,12/2/2020 0:00:00,1,77.959159259900005,70.231415977200001,Active,Yes
183,192,0.001329973231290,12/2/2020 0:00:00,12/2/2020 0:00:00,1,77.959038913100002,70.235777630699999,Active,Yes
184,193,0.000265709605420,12/2/2020 0:00:00,12/2/2020 0:00:00,1,77.946043579900007,70.234746616199999,Active,Yes
185,194,0.001896109907690,12/2/2020 0:00:00,2/12/2021 0:00:00,1,77.949251911999994,70.234502034100004,General,Yes
186,195,0.001896109907690,12/2/2020 0:00:00,12/2/2020 0:00:00,1,77.949977291799996,70.234643831200003,Active,Yes
187,196,0.002735892229130,12/2/2020 0:00:00,12/2/2020 0:00:00,1,78.029258655199996,70.245321099999998,Active,Yes
188,197,0.000968595895288,12/2/2020 0:00:00,12/2/2020 0:00:00,1,77.935364616000001,70.280675127400002,Active,Yes
189,198,0.001598748657140,12/2/2020 0:00:00,12/2/2020 0:00:00,1,78.009287061799995,70.284137186400002,Active,Yes
190,199,0.000636200895643,12/2/2020 0:00:00,12/2/2020 0:00:00,1,78.170233378500001,70.312273639400004,Active,Yes
191,200,0.002588227825530,12/2/2020 0:00:00,12/2/2020 0:00:00,1,78.182023973100002,70.308068230299995,Active,Yes
192,201,0.000863755269706,12/2/2020 0:00:00,12/2/2020 0:00:00,1,78.156715600499993,70.318822948299996,Active,Yes
193,202,0.001326534578270,12/2/2020 0:00:00,12/2/2020 0:00:00,1,78.282186774500005,70.325505130699995,Active,Yes
194,203,0.001109778393380,12/2/2020 0:00:00,12/2/2020 0:00:00,1,77.847644987199999,70.218596058399996,Active,Yes
195,204,0.001511734143720,12/2/2020 0:00:00,12/2/2020 0:00:00,1,77.840737154799996,70.218874614699999,Active,Yes
196,205,0.000814036674809,12/2/2020 0:00:00,12/2/2020 0:00:00,1,77.858581816899999,70.243508713500006,Active,Yes
197,206,0.000735741683735,12/2/2020 0:00:00,12/2/2020 0:00:00,1,77.906416704199998,70.249390939199998,Active,Yes
198,207,0.000427856815869,12/2/2020 0:00:00,12/2/2020 0:00:00,1,77.978679182600004,70.255209410800006,Active,Yes
199,208,0.001763112855370,12/2/2020 0:00:00,12/2/2020 0:00:00,2,77.982412910199997,70.256599688500003, , 
200,209,0.003249823201250,12/2/2020 0:00:00,12/2/2020 0:00:00,1,78.038048820699998,70.273538185099994,Active,Yes
201,210,0.039557314465900,12/2/2020 0:00:00,12/2/2020 0:00:00,2,77.943100640200001,70.234803456799995, , 
202,211,0.000859343223905,12/2/2020 0:00:00,12/2/2020 0:00:00,1,77.938266028000001,70.234874749100001,Active,Yes
203,212,0.011977807591400,12/2/2020 0:00:00,12/2/2020 0:00:00,1,76.410125989999997,69.701419458000004,Active,Yes
204,213,0.000765905854561,12/2/2020 0:00:00,12/2/2020 0:00:00,1,76.345626746799994,69.735032856900006,Active,Yes
205,214,0.000347784661281,12/2/2020 0:00:00,12/2/2020 0:00:00,1,76.350618355300000,69.735534716600000,Active,Yes
206,215,0.000765041544704,12/2/2020 0:00:00,12/2/2020 0:00:00,2,76.349795750300004,69.735552004300004, , 
207,216,0.000126236600193,12/2/2020 0:00:00,12/2/2020 0:00:00,1,76.361568481500001,69.744637781700007,Active,Yes
208,217,0.000261658413318,12/2/2020 0:00:00,12/2/2020 0:00:00,1,76.360640332200006,69.744257221799998,Active,Yes
209,218,0.001605126107690,12/2/2020 0:00:00,12/2/2020 0:00:00,2,76.121279715699998,69.734334111199999, , 
210,219,0.002088817791850,12/2/2020 0:00:00,12/2/2020 0:00:00,2,76.121775189299996,69.733615578900000, , 
211,220,0.002971227947170,12/2/2020 0:00:00,12/2/2020 0:00:00,2,76.122705918700007,69.733047161499996, , 
212,223,0.002274192101140,12/2/2020 0:00:00,12/2/2020 0:00:00,2,76.116783398899997,69.772852187699996, , 
213,224,0.000202997530262,12/2/2020 0:00:00,12/2/2020 0:00:00,1,76.312748343999999,69.778092256099995,Active,Yes
214,225,0.003792525472470,12/2/2020 0:00:00,12/2/2020 0:00:00,1,76.461293431599998,69.767198304800004,Active,Yes
215,226,0.001731475056150,12/2/2020 0:00:00,12/2/2020 0:00:00,1,76.311796619399999,69.806128596299999,Active,Yes
216,228,0.004114121460770,12/2/2020 0:00:00,12/17/2020 0:00:00,1,76.113603501300005,69.837089715499999,Active,Yes
217,229,0.000761477577760,12/2/2020 0:00:00,2/12/2021 0:00:00,1,76.303813628000000,69.854959031500002,Active,Yes
218,230,0.000794163384548,12/2/2020 0:00:00,12/2/2020 0:00:00,1,76.294478040100003,69.867838473999996,Active,Yes
219,231,0.002555713499390,12/2/2020 0:00:00,12/2/2020 0:00:00,2,76.293192270099993,69.868295112300004, , 
220,232,0.000305441991732,12/2/2020 0:00:00,12/2/2020 0:00:00,1,76.199919676600004,69.871962550399999,Active,Yes
221,233,0.000100346100356,12/2/2020 0:00:00,12/2/2020 0:00:00,1,76.141687722699999,69.888113065499994,Active,Yes
222,234,0.000527266728076,12/2/2020 0:00:00,12/2/2020 0:00:00,1,76.114776316900006,69.877233408699993,Active,Yes
223,235,0.006821332207020,12/3/2020 0:00:00,12/3/2020 0:00:00,1,70.183719397999994,69.201211524399994,Active,Yes
224,236,0.001275629718560,12/3/2020 0:00:00,12/3/2020 0:00:00,1,70.186548931800004,69.199599382900004,Active,Yes
225,237,0.000493084478191,12/3/2020 0:00:00,12/3/2020 0:00:00,1,70.255415742699995,69.224414479399996,Active,Yes
226,238,0.000226468707167,12/3/2020 0:00:00,12/3/2020 0:00:00,1,70.246312299400003,69.220689218900006,Active,Yes
227,239,0.001708862757450,12/3/2020 0:00:00,12/3/2020 0:00:00,2,70.245978834100001,69.220995890799998, , 
228,240,0.000809296818117,12/3/2020 0:00:00,12/3/2020 0:00:00,1,70.233311274000002,69.224947462100005,Active,Yes
229,241,0.001053816264730,12/3/2020 0:00:00,12/3/2020 0:00:00,1,75.053215665799996,70.974595869500007,Active,Yes
230,242,0.001501793858890,12/3/2020 0:00:00,12/3/2020 0:00:00,2,75.072883828599998,70.976039136699995, , 
231,243,0.000579899519107,12/3/2020 0:00:00,12/3/2020 0:00:00,1,78.157261072099999,70.306023153400005,Active,Yes
232,244,0.000133938768052,12/3/2020 0:00:00,12/3/2020 0:00:00,1,78.169727665500005,70.308722080699994,Active,Yes
233,245,0.003676689916900,12/3/2020 0:00:00,12/3/2020 0:00:00,1,78.368027150200007,70.323931061899998,Active,Yes
234,246,0.003459718703030,12/3/2020 0:00:00,12/3/2020 0:00:00,1,78.388641759300000,70.292483185400002,Active,Yes
235,247,0.003101024680820,12/3/2020 0:00:00,12/3/2020 0:00:00,2,78.386780228199996,70.290979341099998, , 
236,248,0.000118781381061,12/3/2020 0:00:00,12/3/2020 0:00:00,1,78.048519512799999,70.178746603999997,Active,Yes
237,249,0.000676116573610,12/3/2020 0:00:00,12/3/2020 0:00:00,1,78.151907434799995,70.189974417200006,Active,Yes
238,250,0.000381404212717,12/3/2020 0:00:00,12/3/2020 0:00:00,1,78.307866700399998,70.205093694300004,Active,Yes
239,251,0.000139897324315,12/3/2020 0:00:00,12/3/2020 0:00:00,1,78.309087113199993,70.204313390500005,Active,Yes
240,252,0.000446424996436,12/3/2020 0:00:00,12/3/2020 0:00:00,1,78.308777565499994,70.202613325000002,Active,Yes
241,253,0.000159762400833,12/3/2020 0:00:00,12/3/2020 0:00:00,1,78.309351899700005,70.202285122399999,Active,Yes
242,254,0.000435698665970,12/3/2020 0:00:00,12/3/2020 0:00:00,1,78.308974821199996,70.203878291199999,Active,Yes
243,255,0.000239961759694,12/3/2020 0:00:00,12/3/2020 0:00:00,1,78.309258361800005,70.203630169099995,Active,Yes
244,256,0.000368960904907,12/3/2020 0:00:00,12/3/2020 0:00:00,1,78.355906253499995,70.171663191799993,Active,Yes
245,257,0.001193137346930,12/3/2020 0:00:00,12/3/2020 0:00:00,1,78.323044581500000,70.183382652199995,Active,Yes
246,258,0.000629792381080,12/5/2020 0:00:00,12/5/2020 0:00:00,1,68.492079904500002,69.870724980399999,Active,Yes
247,259,0.000027070685623,12/9/2020 0:00:00,12/9/2020 0:00:00,1,67.979641607299996,69.800709671800007,Active,Yes
248,260,0.000237646197859,12/9/2020 0:00:00,12/9/2020 0:00:00,1,68.067690575699999,69.813943282400004,Active,Yes
249,261,0.000173927440471,12/9/2020 0:00:00,12/9/2020 0:00:00,1,79.552651772800004,71.336626751699995,Active,Yes
250,264,0.001969187995390,12/9/2020 0:00:00,12/9/2020 0:00:00,1,79.350770422899998,71.349682342799994,Active,Yes
251,265,0.000403794344467,12/9/2020 0:00:00,12/9/2020 0:00:00,1,79.142324783299998,71.374447751999995,Active,Yes
252,266,0.000249126874772,12/9/2020 0:00:00,12/9/2020 0:00:00,1,79.086568189999994,71.428684441100003,Active,Yes
253,267,0.000969370539168,12/9/2020 0:00:00,12/9/2020 0:00:00,1,79.163303795199994,71.439504129900001,Active,Yes
254,268,0.001395630398710,12/9/2020 0:00:00,12/9/2020 0:00:00,1,79.197906318400001,71.431202919200004,Active,Yes
255,269,0.000551736791650,12/9/2020 0:00:00,12/9/2020 0:00:00,1,79.231161475700006,71.437884920200005,Active,Yes
256,270,0.000930332946084,12/9/2020 0:00:00,12/9/2020 0:00:00,1,79.175408477900007,71.364327603700005,Active,Yes
257,271,0.000293711420699,12/9/2020 0:00:00,12/9/2020 0:00:00,1,79.254413296600006,71.145955177999994,Active,Yes
258,272,0.001267269430160,12/9/2020 0:00:00,12/9/2020 0:00:00,1,79.277521070700004,71.188017269300005,Active,Yes
259,273,0.000277906501399,12/9/2020 0:00:00,12/9/2020 0:00:00,1,79.240437554699994,71.190231055300004,Active,Yes
260,274,0.000697502443907,12/9/2020 0:00:00,12/9/2020 0:00:00,1,79.310883257800000,71.217641294600000,Active,Yes
261,275,0.000424409901773,12/9/2020 0:00:00,12/9/2020 0:00:00,1,79.195280702800005,71.276978466800003,Active,Yes
262,276,0.000753049994605,12/9/2020 0:00:00,12/9/2020 0:00:00,1,77.832889009799999,70.073339648499996,Active,Yes
263,277,0.000563972029851,12/9/2020 0:00:00,12/9/2020 0:00:00,1,77.835897216299998,70.072826281600001,Active,Yes
264,278,0.000507658767339,12/9/2020 0:00:00,2/12/2021 0:00:00,1,77.836698489200003,70.072581623100007,Active,Yes
265,279,0.001196584192290,12/9/2020 0:00:00,12/9/2020 0:00:00,1,77.801871526300005,70.094195437099998,Active,Yes
266,280,0.000165563426146,12/9/2020 0:00:00,12/9/2020 0:00:00,1,78.030958688400005,70.202063707500002,Active,Yes
267,281,0.000188727500969,12/9/2020 0:00:00,12/9/2020 0:00:00,1,68.399582111300006,69.644035731000002,Active,Yes
268,282,0.000605951466051,12/9/2020 0:00:00,2/12/2021 0:00:00,1,68.401134695300001,69.643072266399997,Active,Yes
269,283,0.000493134634417,12/9/2020 0:00:00,2/12/2021 0:00:00,1,68.391901160100005,69.647687171900003,Active,Yes
270,284,0.000089834636152,12/9/2020 0:00:00,12/9/2020 0:00:00,1,68.243558655699999,69.666189126199995,Active,Yes
271,285,0.000438992578478,12/9/2020 0:00:00,12/9/2020 0:00:00,1,68.056361035699993,69.609219850299993,Active,Yes
272,286,0.000270502230740,12/9/2020 0:00:00,2/12/2021 0:00:00,1,67.979426020999995,69.677837855500002,Active,Yes
273,287,0.000405369360972,12/9/2020 0:00:00,12/9/2020 0:00:00,1,67.970149093900005,69.705889933400002,Active,Yes
274,288,0.000570454003816,12/16/2020 0:00:00,12/16/2020 0:00:00,1,76.561318520499995,69.854197124300001,Active,Yes
275,289,0.001058168626010,12/16/2020 0:00:00,12/17/2020 0:00:00,1,76.556846535199995,69.856496957399997,Active,Yes
276,290,0.000750928517346,12/16/2020 0:00:00,12/16/2020 0:00:00,1,76.414457872000000,69.866667560099998,Active,Yes
277,291,0.000219407702592,12/16/2020 0:00:00,12/16/2020 0:00:00,1,78.048785311600000,70.258662173999994,Active,Yes
278,292,0.001723017680830,12/16/2020 0:00:00,12/16/2020 0:00:00,1,77.951395226399995,70.248315988100003,Active,Yes
279,293,0.000388844313184,12/16/2020 0:00:00,12/16/2020 0:00:00,1,77.951689679200001,70.248648888700004,Active,Yes
280,294,0.000274944723874,12/16/2020 0:00:00,12/16/2020 0:00:00,1,77.952584554699996,70.248796881600001,Active,Yes
281,295,0.000197022801060,12/16/2020 0:00:00,12/16/2020 0:00:00,1,77.952896509400006,70.249051097700004,Active,Yes
282,296,0.007222385104480,12/16/2020 0:00:00,12/16/2020 0:00:00,2,77.951588682700006,70.249502617399997, , 
283,297,0.000113258566479,12/16/2020 0:00:00,12/16/2020 0:00:00,1,77.869321519799996,70.245595429900007,Active,Yes
284,298,0.000391858615619,12/16/2020 0:00:00,12/16/2020 0:00:00,1,68.680509453100001,69.713882819500000,Active,Yes
285,299,0.000290346503669,12/16/2020 0:00:00,2/12/2021 0:00:00,1,68.592949195499997,69.745719198000003,General,Yes
286,300,0.002572208000070,12/16/2020 0:00:00,2/12/2021 0:00:00,1,68.604302440100000,69.749133380499998,General,Yes
287,301,0.000191193710689,12/16/2020 0:00:00,2/12/2021 0:00:00,1,68.377783034499998,69.709335267699998,Active,Yes
288,302,0.000951592306337,12/16/2020 0:00:00,12/17/2020 0:00:00,1,68.773186390899994,70.160129306300007,Active,Yes
289,303,0.000107633673254,12/16/2020 0:00:00,12/16/2020 0:00:00,1,68.753297672200006,70.157862858100003,Active,Yes
290,305,0.000315160179278,12/16/2020 0:00:00,12/16/2020 0:00:00,1,68.635386272399998,70.151378444200006,Active,Yes
291,309,0.000383675876239,12/16/2020 0:00:00,12/16/2020 0:00:00,1,68.956521065600000,70.083068000899999,Active,Yes
292,310,0.001337477599910,12/16/2020 0:00:00,12/16/2020 0:00:00,1,68.738078923600000,69.962645961199996,Active,Yes
293,311,0.002537432852240,12/16/2020 0:00:00,2/12/2021 0:00:00,1,68.768857816999997,69.910029218999995,Active,Yes
294,312,0.000199730261416,12/16/2020 0:00:00,12/16/2020 0:00:00,1,68.699094833399997,70.164260473100001,Active,Yes
295,313,0.000196654215655,12/16/2020 0:00:00,12/16/2020 0:00:00,1,68.700050023900005,70.162985805899993,Active,Yes
296,314,0.000200952998418,12/16/2020 0:00:00,12/16/2020 0:00:00,1,68.752783942199997,70.158322712300006,Active,Yes
297,315,0.004513707736650,12/16/2020 0:00:00,12/17/2020 0:00:00,1,68.452752723299994,69.627148527399996,Active,Yes
298,316,0.002411442580020,12/16/2020 0:00:00,12/16/2020 0:00:00,1,68.453940413200002,69.625791477600004,Active,Yes
299,317,0.003365065930720,12/16/2020 0:00:00,12/16/2020 0:00:00,1,68.446703419200006,69.627157273600005,Active,Yes
300,318,0.001293398009840,12/17/2020 0:00:00,12/17/2020 0:00:00,1,68.566904397800002,70.089807867999994,Active,Yes
301,319,0.001734904584320,12/17/2020 0:00:00,2/12/2021 0:00:00,1,68.531802026899996,69.855335032499994,General,Yes
302,320,0.001005491556130,12/17/2020 0:00:00,2/12/2021 0:00:00,1,76.672635760399999,69.865729947099993,Active,Yes
303,321,0.001004315427390,12/17/2020 0:00:00,12/17/2020 0:00:00,1,76.592546121599995,69.867269722100005,Active,Yes
304,322,0.001200580885900,12/17/2020 0:00:00,12/17/2020 0:00:00,1,77.750633654599994,70.202613676599995,Active,Yes
305,323,0.001406977772710,12/17/2020 0:00:00,2/12/2021 0:00:00,1,68.129004936800001,70.194969339599993,General,Yes
306,325,0.000499668370986,12/17/2020 0:00:00,12/17/2020 0:00:00,1,68.534408887100000,70.164221920599999,Active,Yes
307,326,0.001197197339910,12/17/2020 0:00:00,12/17/2020 0:00:00,1,68.523493022200000,70.129010972700002,Active,Yes
308,327,0.000457499755635,12/17/2020 0:00:00,2/12/2021 0:00:00,1,68.371557503000005,70.068688924800000,Active,Yes
309,328,0.002670174162780,12/17/2020 0:00:00,12/17/2020 0:00:00,2,68.476400631700002,70.066782579500000,General, 
310,329,0.002070747472990,12/17/2020 0:00:00,12/17/2020 0:00:00,1,68.420973586700001,70.036699761500003,Active,Yes
311,330,0.000790227067120,12/17/2020 0:00:00,2/12/2021 0:00:00,1,68.626465543099997,70.011028611000000,Active,Yes
312,331,0.000361398903589,12/17/2020 0:00:00,12/17/2020 0:00:00,1,68.413013647900002,70.005294512299997,Active,Yes
313,332,0.000581430528905,12/17/2020 0:00:00,12/17/2020 0:00:00,1,68.285530673300002,70.007337380699994,Active,Yes
314,333,0.000514294447283,12/17/2020 0:00:00,12/17/2020 0:00:00,1,68.286039310400000,70.006992508300002,Active,Yes
315,334,0.002983142850950,12/17/2020 0:00:00,12/17/2020 0:00:00,2,68.284460003700005,70.006114929399999, , 
316,335,0.001020842289700,12/17/2020 0:00:00,12/17/2020 0:00:00,1,68.387300609400000,69.942898552200006,Active,Yes
317,336,0.000454167366943,12/17/2020 0:00:00,12/17/2020 0:00:00,1,68.334349570100002,69.941286232699994,Active,Yes
318,337,0.000437700013704,12/17/2020 0:00:00,12/17/2020 0:00:00,1,68.478306229699996,69.912499573000005,Active,Yes
319,338,0.009106384114130,12/17/2020 0:00:00,2/12/2021 0:00:00,1,68.437234246800003,69.910100824300002,General,Yes
320,339,0.000732354230112,12/22/2020 0:00:00,12/22/2020 0:00:00,1,77.885458615299996,70.312745058499999,Active,Yes
321,340,0.000507039514723,12/22/2020 0:00:00,12/22/2020 0:00:00,1,77.989759166699997,70.276452665400001,Active,Yes
322,341,0.000342629494426,12/22/2020 0:00:00,12/22/2020 0:00:00,1,77.888873072699994,70.208890209700002,Active,Yes
323,342,0.000132911690507,12/22/2020 0:00:00,12/22/2020 0:00:00,1,78.291623567399995,70.042523764400002,Active,Yes
324,343,0.002395983043910,2/2/2021 0:00:00,2/2/2021 0:00:00,3,68.406078680500002,69.973414995599995, , 
325,344,0.002031407107510,2/2/2021 0:00:00,2/2/2021 0:00:00,3,68.409588332799999,69.972742862600001, , 
326,345,0.013368164706700,2/2/2021 0:00:00,2/2/2021 0:00:00,3,68.472977392299995,69.982104430500002, , 
327,346,0.004922367460110,2/2/2021 0:00:00,2/2/2021 0:00:00,3,68.338743609800005,70.006909616100003, , 
328,347,0.007181428067900,2/2/2021 0:00:00,2/2/2021 0:00:00,3,68.304730784399993,70.028100140800007, , 
329,348,0.004295742598020,2/2/2021 0:00:00,2/2/2021 0:00:00,3,68.320823408300001,70.227259350899999, , 
330,349,0.009184812308500,2/3/2021 0:00:00,2/3/2021 0:00:00,3,68.275540913300006,70.227118716000007, , 
331,350,0.005799664941280,2/3/2021 0:00:00,2/3/2021 0:00:00,3,68.285025270099993,70.227197982899995, , 
332,351,0.001938082844620,2/5/2021 0:00:00,2/5/2021 0:00:00,2,68.559376795099993,69.941464162499997, , 
333,352,0.006199394215120,2/5/2021 0:00:00,2/5/2021 0:00:00,2,68.647151785299997,69.949438671500005, , 
334,353,0.021808305379200,2/5/2021 0:00:00,2/5/2021 0:00:00,3,68.653241862399994,69.956129529300000, , 
335,354,0.003501089852100,2/5/2021 0:00:00,2/5/2021 0:00:00,2,68.346890620400004,70.150233166999996, , 
336,355,0.001834265576750,2/5/2021 0:00:00,2/5/2021 0:00:00,2,67.862180633799994,70.037012559999994, , 
337,356,0.005148238800160,2/5/2021 0:00:00,2/5/2021 0:00:00,3,67.863868734400000,70.037997859499995, , 
338,357,0.004561678378530,2/5/2021 0:00:00,2/5/2021 0:00:00,3,67.931988681000007,70.030740955300004, , 
339,358,0.014444142227900,2/5/2021 0:00:00,2/5/2021 0:00:00,3,68.270374289800003,69.920859680400000, , 
340,359,0.000708052212913,2/18/2021 0:00:00,2/18/2021 0:00:00,3,67.930061019999997,69.988198827700003, , 
341,360,0.000755882319373,2/18/2021 0:00:00,2/18/2021 0:00:00,3,67.569145973000005,70.144816716099996, , 
342,361,0.005330985145500,2/23/2021 0:00:00,2/23/2021 0:00:00,3,68.570460919100000,69.953299381500003, , 
343,362,0.005208116745970,2/23/2021 0:00:00,2/23/2021 0:00:00,3,68.693460501999994,69.955912023099998, , 
344,363,0.023087474639900,2/23/2021 0:00:00,2/23/2021 0:00:00,3,68.868065137399995,70.027918280300000, , 
345,364,0.010437969215800,2/23/2021 0:00:00,2/23/2021 0:00:00,3,69.962558548100006,70.313621512400005, , 
346,365,0.006437280245830,2/23/2021 0:00:00,2/23/2021 0:00:00,3,69.870025830700001,70.358725227099995, , 
347,366,0.008171394876510,2/23/2021 0:00:00,2/23/2021 0:00:00,3,69.854291902400007,70.352537341800002, , 
348,367,0.242954486454000,2/23/2021 0:00:00,2/23/2021 0:00:00,3,67.805770425199995,70.322373013600000, , 
349,368,0.030640158511800,2/23/2021 0:00:00,2/23/2021 0:00:00,3,67.731676070999995,70.345748444300000, , 
350,369,0.088813084741300,2/23/2021 0:00:00,2/23/2021 0:00:00,3,68.499746674500003,70.320454165599998, , 
351,370,0.009098626194090,2/23/2021 0:00:00,2/23/2021 0:00:00,3,68.828124168399995,70.127923658000000, , 
352,371,0.004296074663010,2/23/2021 0:00:00,2/23/2021 0:00:00,3,69.625747947500003,69.201656456899997, , 
353,372,0.060087804401200,2/23/2021 0:00:00,2/23/2021 0:00:00,3,68.538097164099995,69.019223677900001, , 
354,373,0.020805435535900,2/23/2021 0:00:00,2/23/2021 0:00:00,3,68.504254204000006,69.001662789999997, , 
355,374,0.070783121324300,2/23/2021 0:00:00,2/23/2021 0:00:00,3,68.641355289200007,68.996744857099998, , 
356,375,0.048115020491800,2/23/2021 0:00:00,2/23/2021 0:00:00,3,68.717927687200003,68.987276543600004, , 
357,376,0.035239538234200,2/23/2021 0:00:00,2/23/2021 0:00:00,3,68.888607085000004,68.967731587399996, , 
358,377,0.028794203326400,2/23/2021 0:00:00,2/23/2021 0:00:00,3,68.938773854399997,68.997814854900000, , 
359,378,0.003235803843650,2/23/2021 0:00:00,2/23/2021 0:00:00,1,70.454212308999999,71.091416210399998,General,Yes
360,379,0.000913403877286,2/23/2021 0:00:00,2/23/2021 0:00:00,1,70.447608830299998,71.093483587300000,General,Yes
361,380,0.012114145043600,2/24/2021 0:00:00,2/24/2021 0:00:00,3,68.462758333599993,69.802690033700003, , 
362,381,0.010734801875000,2/24/2021 0:00:00,2/24/2021 0:00:00,3,68.481104515799998,69.811941932699995, , 
363,382,0.000777540141629,2/24/2021 0:00:00,2/24/2021 0:00:00,3,68.488733795200005,69.791930081299995, , 
364,383,0.002086094029060,2/24/2021 0:00:00,2/24/2021 0:00:00,3,67.855981925600005,69.835104855699996, , 
365,384,0.001595559425210,2/24/2021 0:00:00,2/24/2021 0:00:00,3,67.871571432799996,69.834107204199995, , 
366,385,0.001078572260110,2/24/2021 0:00:00,2/24/2021 0:00:00,3,67.936445978699993,69.834230893500006, , 
367,386,0.001189441771350,2/24/2021 0:00:00,2/24/2021 0:00:00,3,67.944191631799995,69.848280917799997, , 
368,387,0.001599271658290,2/24/2021 0:00:00,2/24/2021 0:00:00,3,67.766520099499999,69.820846066100003, , 
369,388,0.000301938554612,2/24/2021 0:00:00,2/24/2021 0:00:00,3,67.792094176999996,69.801207202200004, , 
370,389,0.000161442338900,2/24/2021 0:00:00,2/24/2021 0:00:00,3,67.784440865199997,69.800965850400004, , 
371,390,0.001593982536820,2/24/2021 0:00:00,2/24/2021 0:00:00,3,67.802457836000002,69.799372895800005, , 
372,391,0.001976202592440,2/24/2021 0:00:00,2/24/2021 0:00:00,3,67.822693173299996,69.788603079500007, , 
373,392,0.029492804640800,2/24/2021 0:00:00,2/24/2021 0:00:00,1,69.178676191199997,70.280562952599993,Active,Yes
374,393,0.001131704431550,3/2/2021 0:00:00,3/2/2021 0:00:00,3,68.379619605200006,69.708004622100006, , 
375,394,0.000668912269888,3/2/2021 0:00:00,3/2/2021 0:00:00,3,68.447711838999993,69.689748272900005, , 
376,395,0.001547678153950,3/2/2021 0:00:00,3/2/2021 0:00:00,3,79.201611212700001,71.215099928699999, , 
377,396,0.003598612904650,3/2/2021 0:00:00,3/2/2021 0:00:00,3,79.094402538899999,71.240716613600000, , 
378,397,0.008617507215660,3/2/2021 0:00:00,3/2/2021 0:00:00,3,79.408853544199999,71.364183469799997, , 
379,398,0.000708769024157,3/2/2021 0:00:00,3/2/2021 0:00:00,3,77.905558465699997,70.416797920899995, , 
380,399,0.000416761540629,3/2/2021 0:00:00,3/2/2021 0:00:00,3,77.840507324100003,70.413887719900004, , 
381,400,0.001121492112260,3/2/2021 0:00:00,3/2/2021 0:00:00,3,77.894025514099994,70.439949884300006, , 
382,401,0.000826924765129,3/2/2021 0:00:00,3/2/2021 0:00:00,3,77.806516556800005,70.437613307800007, , 
383,402,0.000303885506983,3/2/2021 0:00:00,3/2/2021 0:00:00,3,77.775008450000001,70.443785401499994, , 
384,403,0.000250865159103,3/2/2021 0:00:00,3/2/2021 0:00:00,3,77.688365349999998,70.414404042800001, , 
385,404,0.000275647309649,3/2/2021 0:00:00,3/2/2021 0:00:00,3,77.705412257000006,70.391670889300002, , 
386,405,0.000266888982276,3/2/2021 0:00:00,3/2/2021 0:00:00,3,77.687327066099996,70.369876585300005, , 
387,406,0.000386644037179,3/2/2021 0:00:00,3/2/2021 0:00:00,3,77.652914947400006,70.370829461200003, , 
388,407,0.000047927458660,3/2/2021 0:00:00,3/2/2021 0:00:00,3,77.638004856099997,70.372675199499994, , 
389,408,0.000076825140738,3/2/2021 0:00:00,3/2/2021 0:00:00,3,77.627072725900007,70.378100765200003, , 
390,409,0.000080341529998,3/2/2021 0:00:00,3/2/2021 0:00:00,3,77.608555815900004,70.375616834799999, , 
391,410,0.000134861530922,3/2/2021 0:00:00,3/2/2021 0:00:00,3,77.623070686299997,70.386692588800003, , 
392,411,0.000074483824683,3/2/2021 0:00:00,3/2/2021 0:00:00,3,77.587922875999993,70.391463273400007, , 
393,412,0.000223818914529,3/2/2021 0:00:00,3/2/2021 0:00:00,3,77.577260170000002,70.398704269999996, , 
394,413,0.000053201353380,3/2/2021 0:00:00,3/2/2021 0:00:00,3,77.564724920700002,70.392904760899995, , 
395,414,0.000087783234736,3/2/2021 0:00:00,3/2/2021 0:00:00,3,77.550600449599997,70.398889427100002, , 
396,415,0.000149928740675,3/2/2021 0:00:00,3/2/2021 0:00:00,3,77.516255657499997,70.394812790399996, , 
397,416,0.000076409358921,3/2/2021 0:00:00,3/2/2021 0:00:00,3,77.487513311900003,70.385063556999995, , 
398,417,0.000076009315673,3/2/2021 0:00:00,3/2/2021 0:00:00,3,77.483539681300002,70.379093358500000, , 
399,418,0.000017933363959,3/2/2021 0:00:00,3/2/2021 0:00:00,3,77.444497466700000,70.369202162400001, , 
400,419,0.000025848016798,3/2/2021 0:00:00,3/2/2021 0:00:00,3,77.430623969899997,70.363264014199999, , 
401,420,0.000148865060087,3/2/2021 0:00:00,3/2/2021 0:00:00,3,77.414716049500001,70.362476975500002, , 
402,421,0.000231779057934,3/2/2021 0:00:00,3/2/2021 0:00:00,3,77.406379679300002,70.358041513800003, , 
403,422,0.000267323520346,3/2/2021 0:00:00,3/2/2021 0:00:00,3,77.391833432300004,70.363345203500003, , 
404,423,0.000332714956802,3/2/2021 0:00:00,3/2/2021 0:00:00,3,77.374758117300004,70.354857417800005, , 
405,424,0.000130385276535,3/2/2021 0:00:00,3/2/2021 0:00:00,3,77.374299616900004,70.343213781100005, , 
406,425,0.000125200028085,3/2/2021 0:00:00,3/2/2021 0:00:00,3,77.373827124599998,70.329388082899996, , 
407,426,0.000117595279921,3/2/2021 0:00:00,3/2/2021 0:00:00,3,77.386043018500004,70.324888525500000, , 
408,427,0.000187070535585,3/2/2021 0:00:00,3/2/2021 0:00:00,3,77.400016552300002,70.318760281699994, , 
409,428,0.000279950325015,3/2/2021 0:00:00,3/2/2021 0:00:00,3,77.400491795999997,70.313708734299993, , 
410,429,0.000101443985927,3/2/2021 0:00:00,3/2/2021 0:00:00,3,77.383711861400002,70.302273181700002, , 
411,430,0.000113452163551,3/2/2021 0:00:00,3/2/2021 0:00:00,3,77.378443508600000,70.300886533400003, , 
412,431,0.000123550598127,3/2/2021 0:00:00,3/2/2021 0:00:00,3,77.375601768500005,70.295969888700000, , 
413,432,0.000874523908992,3/2/2021 0:00:00,3/2/2021 0:00:00,3,77.367785813099999,70.308759385800002, , 
414,433,0.001267543224810,3/2/2021 0:00:00,3/2/2021 0:00:00,3,77.334757456299997,70.296564042399993, , 
415,434,0.000680277107152,3/2/2021 0:00:00,3/2/2021 0:00:00,3,77.329495202000004,70.319087672899997, , 
416,435,0.000618911807979,3/2/2021 0:00:00,3/2/2021 0:00:00,3,77.336569061399999,70.322701806500007, , 
417,436,0.001278074396350,3/2/2021 0:00:00,3/2/2021 0:00:00,3,77.284597703499998,70.323191907500004, , 
418,437,0.000904565372284,3/2/2021 0:00:00,3/2/2021 0:00:00,3,77.256867861499998,70.324364371000001, , 
419,438,0.001113324357210,3/2/2021 0:00:00,3/2/2021 0:00:00,3,77.250417876499995,70.328378744299997, , 
420,439,0.000749527404768,3/2/2021 0:00:00,3/2/2021 0:00:00,3,77.230010649700006,70.326163587099998, , 
421,440,0.000883412778349,3/2/2021 0:00:00,3/2/2021 0:00:00,3,77.232799982900005,70.322724986200001, , 
422,441,0.000393457222718,3/2/2021 0:00:00,3/2/2021 0:00:00,3,77.222602612399996,70.319721223100004, , 
423,442,0.000348147016212,3/2/2021 0:00:00,3/2/2021 0:00:00,3,77.190055110000003,70.313724625999996, , 
424,443,0.001547150413390,3/2/2021 0:00:00,3/2/2021 0:00:00,3,77.175633955300000,70.312329289100006, , 
425,444,0.000641358705038,3/2/2021 0:00:00,3/2/2021 0:00:00,3,77.337257189100001,70.145880462400001, , 
426,445,0.000313414852056,3/2/2021 0:00:00,3/2/2021 0:00:00,3,77.343892992099995,70.153662061999995, , 
427,446,0.000565814655961,3/2/2021 0:00:00,3/2/2021 0:00:00,3,77.334065178499998,70.161854960200003, , 
428,447,0.000669062672673,3/2/2021 0:00:00,3/2/2021 0:00:00,3,77.346771395499999,70.158627297500004, , 
429,448,0.000158129363018,3/2/2021 0:00:00,3/2/2021 0:00:00,3,77.323235197000002,70.156597934000004, , 
430,449,0.000125393414980,3/2/2021 0:00:00,3/2/2021 0:00:00,3,77.308572223900001,70.165330048000001, , 
431,450,0.000666527236374,3/2/2021 0:00:00,3/2/2021 0:00:00,3,77.271920973500002,70.173624474799993, , 
432,451,0.000841377619537,3/2/2021 0:00:00,3/2/2021 0:00:00,3,77.298899784699998,70.156211487600004, , 
433,452,0.001057847976130,3/2/2021 0:00:00,3/2/2021 0:00:00,3,77.282192655100005,70.160146217499999, , 
434,453,0.001278253110720,3/2/2021 0:00:00,3/2/2021 0:00:00,3,77.258052098700006,70.161924341599999, , 
435,454,0.000634328846499,3/2/2021 0:00:00,3/2/2021 0:00:00,3,77.248023024000005,70.162070796199998, , 
436,455,0.001145441964800,3/2/2021 0:00:00,3/2/2021 0:00:00,3,77.239099886800005,70.156395274700003, , 
437,456,0.002560502983050,3/2/2021 0:00:00,3/2/2021 0:00:00,3,77.223255905800002,70.146507245799995, , 
438,457,0.007500725783030,3/2/2021 0:00:00,3/2/2021 0:00:00,3,77.215298222599998,70.128167659900001, , 
439,458,0.003777084599700,3/2/2021 0:00:00,3/2/2021 0:00:00,3,77.196395382600002,70.142339520899995, , 
440,459,0.001417838299210,3/2/2021 0:00:00,3/2/2021 0:00:00,3,77.155680008800005,70.135556527399999, , 
441,460,0.002107366360220,3/2/2021 0:00:00,3/2/2021 0:00:00,3,77.110079021900006,70.126930166099996, , 
442,461,0.002724861842140,3/2/2021 0:00:00,3/2/2021 0:00:00,3,77.133277220799997,70.116572041400005, , 
443,462,0.003133244964900,3/2/2021 0:00:00,3/2/2021 0:00:00,3,77.157948961800003,70.114744153199993, , 
444,463,0.001978931825460,3/2/2021 0:00:00,3/2/2021 0:00:00,3,77.147262018999996,70.097474355599999, , 
445,464,0.002499500901290,3/2/2021 0:00:00,3/2/2021 0:00:00,3,77.173422954900005,70.091271704400000, , 
446,465,0.007498758556950,3/2/2021 0:00:00,3/2/2021 0:00:00,3,77.189244764799994,70.112996153899999, , 
447,466,0.003229004984290,3/2/2021 0:00:00,3/2/2021 0:00:00,3,77.146607875699999,70.155257504800005, , 
448,467,0.001283901350600,3/2/2021 0:00:00,3/2/2021 0:00:00,3,77.125380925100004,70.146329611499993, , 
449,468,0.002009337112520,3/2/2021 0:00:00,3/2/2021 0:00:00,3,77.208321060000003,70.163308108099997, , 
450,469,0.002540590031240,3/2/2021 0:00:00,3/2/2021 0:00:00,3,77.153064275399998,70.167239597600002, , 
451,470,0.003782334036930,3/2/2021 0:00:00,3/2/2021 0:00:00,3,77.545392329099997,70.171177991600004, , 
452,471,0.001639736887480,3/2/2021 0:00:00,3/2/2021 0:00:00,3,77.524954306100000,70.177425747100003, , 
453,472,0.001352978168360,3/2/2021 0:00:00,3/2/2021 0:00:00,3,77.543671586700000,70.178923326600000, , 
454,473,0.001099382448330,3/2/2021 0:00:00,3/2/2021 0:00:00,3,77.527220106000001,70.202595098399996, , 
455,474,0.001519321726220,3/2/2021 0:00:00,3/2/2021 0:00:00,3,77.503099975900000,70.188994945000005, , 
456,475,0.002621393132970,3/2/2021 0:00:00,3/2/2021 0:00:00,3,77.488068232900005,70.182800044399997, , 
457,476,0.001322224360480,3/2/2021 0:00:00,3/2/2021 0:00:00,3,77.471160293400004,70.171889117600003, , 
458,477,0.001086640075110,3/2/2021 0:00:00,3/2/2021 0:00:00,3,77.429310434499996,70.181402240200001, , 
459,478,0.008229685481000,3/2/2021 0:00:00,3/2/2021 0:00:00,3,77.540068583999997,70.206983877300004, , 
460,480,0.003790827885470,3/2/2021 0:00:00,3/2/2021 0:00:00,1,69.012166245600000,70.230860064100000,General,Yes
461,481,0.001651539465410,3/2/2021 0:00:00,3/2/2021 0:00:00,1,69.011076386100001,70.231762993299995,Active,Yes
462,482,0.008030314948290,3/2/2021 0:00:00,3/2/2021 0:00:00,1,68.990483379300002,70.227443058999995,General,Yes
463,483,0.005430518985030,3/2/2021 0:00:00,3/2/2021 0:00:00,3,68.980115951299993,70.226829389100004, , 
464,484,0.006871098039270,3/2/2021 0:00:00,3/2/2021 0:00:00,3,68.992873984499994,70.245282846899997, , 
465,485,0.002831463144710,3/18/2021 0:00:00,3/18/2021 0:00:00,3,68.322499371399999,69.968912573099999, , 
466,486,0.000474356663709,3/18/2021 0:00:00,3/18/2021 0:00:00,3,68.347059846500002,69.963825704700000, , 
467,487,0.002482145163560,3/18/2021 0:00:00,3/18/2021 0:00:00,3,68.297267355100004,69.948014173199994, , 
468,488,0.002664959046920,3/18/2021 0:00:00,3/18/2021 0:00:00,3,68.386840375999995,69.948936960099999, , 
469,489,0.002643363277620,3/18/2021 0:00:00,3/18/2021 0:00:00,3,68.188981626200004,69.958376857600001, , 
470,490,0.001554376894640,3/18/2021 0:00:00,3/18/2021 0:00:00,3,68.255191290300004,69.975492735800003, , 
471,491,0.000600360104829,3/18/2021 0:00:00,3/18/2021 0:00:00,3,68.367751507400001,70.027517339699997, , 
472,492,0.002379334240670,3/18/2021 0:00:00,3/18/2021 0:00:00,3,68.410220970400005,69.897344752899997, , 
473,493,0.007872209069920,3/18/2021 0:00:00,3/18/2021 0:00:00,3,68.417986286499996,69.883105558799997, , 
474,494,0.001995871609180,3/18/2021 0:00:00,3/18/2021 0:00:00,3,68.490447856900005,69.866995189799994, , 
475,495,0.000987505609484,3/18/2021 0:00:00,3/18/2021 0:00:00,3,68.532579923200004,69.878560874599998, , 
476,496,0.001583105510030,3/18/2021 0:00:00,3/18/2021 0:00:00,3,68.471803003299996,69.885026400499996, , 
477,497,0.001082563562320,3/18/2021 0:00:00,3/18/2021 0:00:00,3,68.479435075699996,69.950305271399998, , 
478,498,0.006065038815230,3/18/2021 0:00:00,3/18/2021 0:00:00,3,68.507800238700000,69.964732684599994, , 
479,499,0.001865669483330,3/18/2021 0:00:00,3/18/2021 0:00:00,3,67.706816966199995,69.796281074700005, , 
480,500,0.003201997102010,3/18/2021 0:00:00,3/18/2021 0:00:00,3,67.663300248699997,69.799899077399999, , 
481,501,0.002087716527560,3/18/2021 0:00:00,3/18/2021 0:00:00,3,67.611386347899995,69.796265628599997, , 
482,502,0.000974994653809,3/18/2021 0:00:00,3/18/2021 0:00:00,3,67.590461973299995,69.785983905199998, , 
483,503,0.002155899914650,3/18/2021 0:00:00,3/18/2021 0:00:00,3,67.753052291299994,69.761229547100001, , 
484,504,0.001942270430550,3/18/2021 0:00:00,3/18/2021 0:00:00,3,67.775943245999997,69.752923794799997, , 
485,505,0.003149342230360,3/18/2021 0:00:00,3/18/2021 0:00:00,3,67.864177463600001,69.755345996299994, , 
486,506,0.002225627941910,3/18/2021 0:00:00,3/18/2021 0:00:00,3,67.928769616799997,69.759270983600004, , 
487,507,0.002760596073010,3/18/2021 0:00:00,3/18/2021 0:00:00,3,67.953932441600003,69.704490898900005, , 
488,508,0.001980373814110,3/18/2021 0:00:00,3/18/2021 0:00:00,3,67.947841075900001,69.695892606100003, , 
489,509,0.000961061110414,3/18/2021 0:00:00,3/18/2021 0:00:00,3,67.949002293199996,69.675750234999995, , 
490,510,0.002114294174960,3/18/2021 0:00:00,3/18/2021 0:00:00,3,67.952988632800000,69.665700265699996, , 
491,511,0.002748927692800,3/18/2021 0:00:00,3/18/2021 0:00:00,3,68.025452849000004,69.702932572999998, , 
492,512,0.007898243759980,3/18/2021 0:00:00,3/18/2021 0:00:00,3,68.002285026899997,69.723371083800004, , 
493,513,0.011862729328000,3/18/2021 0:00:00,3/18/2021 0:00:00,3,67.806030732899998,69.753111505400000, , 
494,514,0.003103651451270,3/18/2021 0:00:00,3/18/2021 0:00:00,3,67.777254252600002,69.777940007599994, , 
495,515,0.004832008711680,3/18/2021 0:00:00,3/18/2021 0:00:00,3,67.780676225199997,69.813991070599997, , 
496,516,0.001748348513370,3/18/2021 0:00:00,3/18/2021 0:00:00,3,67.770012719799993,69.833400715200000, , 
497,517,0.006252172753940,3/18/2021 0:00:00,3/18/2021 0:00:00,3,67.696405000200002,69.832752997200004, , 
498,518,0.000806505720073,3/18/2021 0:00:00,3/18/2021 0:00:00,3,67.505232203999995,69.875813291200004, , 
499,519,0.002369193043500,3/18/2021 0:00:00,3/18/2021 0:00:00,3,67.698663716300004,69.872786410000003, , 
500,520,0.000812431597272,3/18/2021 0:00:00,3/18/2021 0:00:00,3,67.667925018299997,69.871624889800003, , 
501,521,0.005081024916420,3/18/2021 0:00:00,3/18/2021 0:00:00,3,67.776396048600006,69.852644623000003, , 
502,522,0.001534362218470,3/18/2021 0:00:00,3/18/2021 0:00:00,3,67.821626214099993,69.872771215399993, , 
503,523,0.002709304477850,3/18/2021 0:00:00,3/18/2021 0:00:00,3,67.843350861199994,69.884060233900001, , 
504,524,0.002261922976430,3/18/2021 0:00:00,3/18/2021 0:00:00,3,67.799399775599994,69.905767582699994, , 
505,525,0.001491358990980,3/18/2021 0:00:00,3/18/2021 0:00:00,3,67.800686054200000,69.920858021599997, , 
506,526,0.003028841277950,3/18/2021 0:00:00,3/18/2021 0:00:00,3,67.794390308800004,69.936111674100005, , 
507,527,0.001454698186470,3/18/2021 0:00:00,3/18/2021 0:00:00,3,67.845398188800004,69.937229039399995, , 
508,528,0.000687194814641,3/18/2021 0:00:00,3/18/2021 0:00:00,3,67.858134313999997,69.946823005699997, , 
509,529,0.000810445578251,3/18/2021 0:00:00,3/18/2021 0:00:00,3,67.910506451600000,69.957387132899996, , 
510,530,0.001926301271550,3/18/2021 0:00:00,3/18/2021 0:00:00,3,67.899386121700005,69.955985410300002, , 
511,531,0.003511265703000,3/18/2021 0:00:00,3/18/2021 0:00:00,3,67.777246902700000,69.967331985700000, , 
512,532,0.000954357535904,3/18/2021 0:00:00,3/18/2021 0:00:00,3,67.755179228299994,69.961902134599995, , 
513,533,0.000882130021735,3/18/2021 0:00:00,3/18/2021 0:00:00,3,67.725995065000006,69.957075392899995, , 
514,534,0.009866406738690,3/18/2021 0:00:00,3/18/2021 0:00:00,3,67.568516111299999,69.965327950800003, , 
515,535,0.001180532105510,3/18/2021 0:00:00,3/18/2021 0:00:00,3,67.541143564799995,69.970663040600002, , 
516,536,0.000475469472216,3/18/2021 0:00:00,3/18/2021 0:00:00,3,67.529345427300001,69.968962188800006, , 
517,537,0.000673931254651,3/18/2021 0:00:00,3/18/2021 0:00:00,3,67.479721305300004,69.962985229599994, , 
518,538,0.001292631790620,3/18/2021 0:00:00,3/18/2021 0:00:00,3,67.461651476900002,69.961124983000005, , 
519,539,0.003752847787530,3/18/2021 0:00:00,3/18/2021 0:00:00,3,68.542948073900007,69.858629061700000, , 
520,540,0.001326585582290,3/18/2021 0:00:00,3/18/2021 0:00:00,3,68.470013262300000,69.825370048899998, , 
521,541,0.001046718782840,3/18/2021 0:00:00,3/18/2021 0:00:00,3,68.538468493500005,69.835007652000002, , 
522,542,0.000619058979422,3/18/2021 0:00:00,3/18/2021 0:00:00,3,68.597780316300003,69.829386089600007, , 
523,543,0.000582411538372,3/18/2021 0:00:00,3/18/2021 0:00:00,3,68.605907926399993,69.823149726500006, , 
524,544,0.004227169607760,3/18/2021 0:00:00,3/18/2021 0:00:00,3,68.457691005599997,69.901564580900001, , 
525,545,0.002244257424280,3/18/2021 0:00:00,3/18/2021 0:00:00,3,68.339531044599994,69.933315771799997, , 
526,546,0.002427499492850,3/18/2021 0:00:00,3/18/2021 0:00:00,3,68.171258655100004,69.969946909900003, , 
527,547,0.001924179326220,3/18/2021 0:00:00,3/18/2021 0:00:00,3,68.097616443999996,69.972089233800006, , 
528,548,0.000679818654915,3/18/2021 0:00:00,3/18/2021 0:00:00,3,68.058782399400002,69.965638824500004, , 
529,549,0.000661819854620,3/18/2021 0:00:00,3/18/2021 0:00:00,3,68.098259798000001,69.958883566799997, , 
530,550,0.000686429391094,3/18/2021 0:00:00,3/18/2021 0:00:00,3,68.133950007099997,69.954652651499998, , 
531,551,0.000696334532395,3/18/2021 0:00:00,3/18/2021 0:00:00,3,68.117303492800005,69.970298824400004, , 
532,552,0.001412919496670,3/18/2021 0:00:00,3/18/2021 0:00:00,3,68.132877854200004,69.982259829599997, , 
533,553,0.000939502811422,3/18/2021 0:00:00,3/18/2021 0:00:00,3,68.104921685700006,69.989493677300004, , 
534,554,0.000383893368190,3/18/2021 0:00:00,3/18/2021 0:00:00,3,68.118209973700004,70.002704797700005, , 
535,555,0.000582999431879,3/18/2021 0:00:00,3/18/2021 0:00:00,3,68.164977546399996,70.029852426000005, , 
536,556,0.000726161888555,3/18/2021 0:00:00,3/18/2021 0:00:00,3,68.133495984899994,70.034608362000000, , 
537,557,0.000596467720759,3/18/2021 0:00:00,3/18/2021 0:00:00,3,68.121977639500003,70.050908961800005, , 
538,558,0.001362649152970,3/18/2021 0:00:00,3/18/2021 0:00:00,3,68.048850929599993,70.060674657899995, , 
539,559,0.004220975735800,3/18/2021 0:00:00,3/18/2021 0:00:00,3,68.000972845800007,70.061588913600005, , 
540,560,0.001794652626450,3/18/2021 0:00:00,3/18/2021 0:00:00,3,67.950080644500005,70.056040948900005, , 
541,561,0.001551841390930,3/18/2021 0:00:00,3/18/2021 0:00:00,3,67.903064309499996,70.053300581599999, , 
542,562,0.001469237788240,3/18/2021 0:00:00,3/18/2021 0:00:00,3,67.834204510099994,70.052140456499998, , 
543,563,0.008719937270620,3/18/2021 0:00:00,3/18/2021 0:00:00,3,67.778386012599995,70.048207074700002, , 
544,564,0.004060036172970,3/18/2021 0:00:00,3/18/2021 0:00:00,3,67.742375891799995,70.040733584199998, , 
545,565,0.002275336041500,3/18/2021 0:00:00,3/18/2021 0:00:00,3,67.655315601300003,70.073071156500006, , 
546,566,0.003025861258170,3/18/2021 0:00:00,3/18/2021 0:00:00,3,67.636526524800004,70.068417632199996, , 
547,567,0.004582797223080,3/18/2021 0:00:00,3/18/2021 0:00:00,3,67.595159169200002,70.075187124099998, , 
548,568,0.001233726330930,3/18/2021 0:00:00,3/18/2021 0:00:00,3,67.577764437300004,70.070060985100000, , 
549,569,0.002030929771370,3/18/2021 0:00:00,3/18/2021 0:00:00,3,67.563989058100006,70.062577646299999, , 
550,570,0.006625996844570,3/18/2021 0:00:00,3/18/2021 0:00:00,3,67.552075296599995,70.072979970899993, , 
551,571,0.003246153853130,3/18/2021 0:00:00,3/18/2021 0:00:00,3,67.553739622699993,70.104583438800006, , 
552,572,0.000911598100525,3/18/2021 0:00:00,3/18/2021 0:00:00,3,67.541181575200000,70.116637861300006, , 
553,573,0.002935552117250,3/18/2021 0:00:00,3/18/2021 0:00:00,3,67.509241388899994,70.119015260699996, , 
554,574,0.003032110493640,3/18/2021 0:00:00,3/18/2021 0:00:00,3,67.569968791099996,70.127898394200002, , 
555,575,0.004679687075590,3/18/2021 0:00:00,3/18/2021 0:00:00,3,67.515476530399994,70.154695118600003, , 
556,576,0.025962098417700,3/18/2021 0:00:00,3/18/2021 0:00:00,3,70.248681733799998,67.554490048999995, , 
557,577,0.002510624187890,3/18/2021 0:00:00,3/18/2021 0:00:00,3,67.588572712000001,70.135910775499994, , 
558,578,0.000591745965042,3/18/2021 0:00:00,3/18/2021 0:00:00,3,67.580212416199998,70.170400309200005, , 
559,579,0.001747849203080,3/18/2021 0:00:00,3/18/2021 0:00:00,3,67.521464440399996,70.166003503300004, , 
560,580,0.001006787025570,3/18/2021 0:00:00,3/18/2021 0:00:00,3,67.493356582399997,70.185631602399994, , 
561,581,0.000535641667700,3/18/2021 0:00:00,3/18/2021 0:00:00,3,67.521386748200001,70.183296573500002, , 
562,582,0.000471024839111,3/18/2021 0:00:00,3/18/2021 0:00:00,3,67.485613665900004,70.172853269100003, , 
563,583,0.000866579594614,3/18/2021 0:00:00,3/18/2021 0:00:00,3,67.607074128899995,70.183730125799997, , 
564,584,0.001371583152760,3/18/2021 0:00:00,3/18/2021 0:00:00,3,67.600667778200005,70.164167914700002, , 
565,585,0.000301462120023,3/18/2021 0:00:00,3/18/2021 0:00:00,3,67.628146191100001,70.161897346600000, , 
566,586,0.000748952225279,3/18/2021 0:00:00,3/18/2021 0:00:00,3,67.638287807599994,70.175409487400003, , 
567,587,0.001007996437360,3/18/2021 0:00:00,3/18/2021 0:00:00,3,67.651717940599994,70.154561142000006, , 
568,588,0.001412402673800,3/18/2021 0:00:00,3/18/2021 0:00:00,3,67.597641835100006,70.151145949500005, , 
569,589,0.001264040901110,3/18/2021 0:00:00,3/18/2021 0:00:00,3,67.666757688600001,70.165384367000001, , 
570,590,0.001178600699130,3/18/2021 0:00:00,3/18/2021 0:00:00,3,67.592271302000000,70.121904730599994, , 
571,591,0.000735951706405,3/18/2021 0:00:00,3/18/2021 0:00:00,3,67.608193354600004,70.116790115599997, , 
572,592,0.000973888151121,3/18/2021 0:00:00,3/18/2021 0:00:00,3,67.589869238899993,70.099699920000006, , 
573,593,0.000753521745373,3/18/2021 0:00:00,3/18/2021 0:00:00,3,67.660978531799998,70.104362611200003, , 
574,594,0.001671248617990,3/18/2021 0:00:00,3/18/2021 0:00:00,3,67.693609369000001,70.109091635100000, , 
575,595,0.000732407512781,3/18/2021 0:00:00,3/18/2021 0:00:00,3,67.742389493600001,70.135289932000006, , 
576,596,0.000711980870832,3/18/2021 0:00:00,3/18/2021 0:00:00,3,67.657535627300007,70.130157220699999, , 
577,597,0.000605117538995,3/18/2021 0:00:00,3/18/2021 0:00:00,3,67.684978685700003,70.182952466800003, , 
578,598,0.001272365299960,3/18/2021 0:00:00,3/18/2021 0:00:00,3,67.653590685699996,70.176239042899994, , 
579,599,0.001716583235570,3/18/2021 0:00:00,3/18/2021 0:00:00,3,67.624820642800003,70.196206990500002, , 
580,600,0.001671275420520,3/18/2021 0:00:00,3/18/2021 0:00:00,3,67.701833376500005,70.195493522199996, , 
581,601,0.002559386529660,3/18/2021 0:00:00,3/18/2021 0:00:00,3,67.533868625899999,70.203576626699999, , 
582,602,0.005518941949880,3/18/2021 0:00:00,3/18/2021 0:00:00,3,67.666337102900002,70.214599784000001, , 
583,603,0.002455444688920,3/18/2021 0:00:00,3/18/2021 0:00:00,3,67.768253121499995,70.180039473600004, , 
584,604,0.001056312799850,3/18/2021 0:00:00,3/18/2021 0:00:00,3,67.831090927899993,70.167660403599996, , 
585,605,0.002758885171320,3/18/2021 0:00:00,3/18/2021 0:00:00,3,67.860267683900005,70.186302924000003, , 
586,606,0.021989995290600,3/18/2021 0:00:00,3/18/2021 0:00:00,3,67.817746427299994,70.199639886699998, , 
587,607,0.000608687909485,3/18/2021 0:00:00,3/18/2021 0:00:00,3,67.904339464000003,70.203449665700006, , 
588,608,0.000153132427152,3/18/2021 0:00:00,3/18/2021 0:00:00,3,67.890584119699994,70.196941032900000, , 
589,609,0.000118246190241,3/18/2021 0:00:00,3/18/2021 0:00:00,3,67.924123769399998,70.196662226100003, , 
590,610,0.000074028444586,3/18/2021 0:00:00,3/18/2021 0:00:00,3,67.944229501999999,70.192165676000002, , 
591,611,0.000408592053951,3/18/2021 0:00:00,3/18/2021 0:00:00,3,67.949934685599999,70.206106261800002, , 
592,612,0.000505526741201,3/18/2021 0:00:00,3/18/2021 0:00:00,3,67.921804120700003,70.187486839599998, , 
593,613,0.000214112668962,3/18/2021 0:00:00,3/18/2021 0:00:00,3,67.956361771700003,70.188684828000007, , 
594,614,0.000463489468037,3/18/2021 0:00:00,3/18/2021 0:00:00,3,67.976399180100003,70.199232273800007, , 
595,615,0.000365416337908,3/18/2021 0:00:00,3/18/2021 0:00:00,3,67.997404512700001,70.209424102800000, , 
596,616,0.000421632720604,3/18/2021 0:00:00,3/18/2021 0:00:00,3,68.047879871199996,70.210898192499997, , 
597,617,0.000167537336945,3/18/2021 0:00:00,3/18/2021 0:00:00,3,68.054718564300003,70.191552050799999, , 
598,0,0.000000000000000,,,1,68.448952082199995,69.626759942500001,General,Yes
599,0,0.000000000000000,,,1,78.196611589000000,70.294883337399995,General,Yes
600,0,0.000000000000000,,,1,68.334638179099997,69.954374827199999,General,Yes
601,0,0.000000000000000,,,1,68.414132434600006,69.633775967500000,General,Yes
602,0,0.000000000000000,,,1,68.507303925700000,69.846706829499993,General,Yes
603,0,0.000000000000000,,,1,68.521919347400001,70.133797965699998,Active,Yes
604,0,0.000000000000000,,,1,68.562469329099997,70.089206969599999,Active,Yes
605,0,0.000000000000000,,,1,79.077515345799995,71.405565479299995,General,Yes
606,0,0.000000000000000,,,1,79.094077340400005,71.416183759399999,General,Yes
607,0,0.000000000000000,,,1,77.904531566000003,70.144884606100007,Active,Yes
608,0,0.000000000000000,,,1,77.865889607200003,70.185677679099996,General,Yes
609,0,0.000000000000000,,,1,77.825943623000001,70.158465418199995,General,Yes
610,0,0.000000000000000,,,1,77.819656925800004,70.158677997599995,General,Yes
611,0,0.000000000000000,,,1,77.959520169000001,70.235897927699995,General,Yes
612,0,0.000000000000000,,,1,78.181832763299994,70.307887822200001,General,Yes
613,0,0.000000000000000,,,1,77.841111298100003,70.219241259499995,General,Yes
614,0,0.000000000000000,,,1,77.842942118099998,70.219019929599995,Active,Yes
615,0,0.000000000000000,,,1,76.349981232700003,69.735531108499998,General,Yes
616,0,0.000000000000000,,,1,76.293500718800004,69.868172575800003,General,Yes
617,0,0.000000000000000,,,1,70.254917246299996,69.224393114099996,General,Yes
618,0,0.000000000000000,,,1,70.246061870800006,69.220943016600003,General,Yes
619,0,0.000000000000000,,,1,78.390166058999995,70.292441606500006,General,Yes
620,0,0.000000000000000,,,1,79.230498846399996,71.437841556799995,General,Yes
621,0,0.000000000000000,,,1,77.951184866399998,70.249022915099999,General,Yes
622,0,0.000000000000000,,,1,68.531622768800005,69.855117958899996,Active,Yes
623,0,0.000000000000000,,,1,68.535162092500002,70.164215460400001,General,Yes
624,0,0.000000000000000,,,1,68.477573848399999,70.066690077199993,Active,Yes
625,0,0.000000000000000,,,1,68.420445803800007,70.036191091099994,General,Yes
626,0,0.000000000000000,,,1,68.414380253000004,70.005687177400006,Active,Yes
627,0,0.000000000000000,,,1,68.413676680300000,70.005345583400000,General,Yes
628,0,0.000000000000000,,,1,68.479566788200003,69.912661602800000,Active,Yes
629,0,0.000000000000000,,,1,68.478753766599993,69.912630131200004,General,Yes
630,0,0.000000000000000,,,1,68.437400668899997,69.910370974599999,Active,Yes
631,0,0.000000000000000,,,1,69.016984828800005,70.232774123400006,Active,Yes
632,0,0.000000000000000,,,1,69.013120391000001,70.230963844599998,Active,Yes
633,0,0.000000000000000,,,1,68.990196277999999,70.227170018799995,Active,Yes
634,0,0.000000000000000,,,1,68.492179569699999,69.633398592999995,General,Yes
635,0,0.000000000000000,,,1,68.364769149699995,69.972329298199995,Active,Yes
636,0,0.000000000000000,,,1,80.981326504600005,71.248527187099995,Active,Yes
637,0,0.000000000000000,,,1,79.248605592800004,71.187721998100002,Active,Yes
638,0,0.000000000000000,,,1,79.246357133999993,71.188050801800003,Active,Yes
639,0,0.000000000000000,,,1,81.220400490000003,71.169925443699995,General,Yes
640,0,0.000000000000000,,,1,81.221387720400003,71.170398896300000,Active,Yes
641,0,0.000000000000000,,,1,68.368924275500007,70.069516970699993,Active,Yes
642,0,0.000000000000000,,,1,68.455289632000003,70.082233041199999,Active,Yes
643,0,0.000000000000000,,,1,68.455199428499995,70.081532941000006,Active,Yes
644,0,0.000000000000000,,,1,80.545254132300002,71.331809173699995,General,Yes
645,0,0.000000000000000,,,1,80.545642009000005,71.331586852399994,Active,Yes
646,0,0.000000000000000,,,1,80.502198024400002,71.358782596200001,Active,Yes
647,0,0.000000000000000,,,1,68.769580898200005,69.721602263400001,Active,Yes
648,0,0.000000000000000,,,1,68.417695949399999,69.647207774500004,General,Yes
649,0,0.000000000000000,,,1,68.519342999100004,70.133805734399999,Active,Yes
650,0,0.000000000000000,,,1,68.558126982000005,70.094054701800005,Active,Yes
651,0,0.000000000000000,,,1,75.089133219299995,71.073204018799998,General,Yes
652,0,0.000000000000000,,,1,77.921090844700004,70.172888639799993,General,Yes
653,0,0.000000000000000,,,1,77.799341676699996,70.113497941700004,Active,Yes
654,0,0.000000000000000,,,1,77.983246756599996,70.256467498000006,Active,Yes
655,0,0.000000000000000,,,1,77.977243925799996,70.255068713699998,General,Yes
656,0,0.000000000000000,,,1,76.116264919100004,69.773258192000000,General,Yes
657,0,0.000000000000000,,,1,68.639773117000004,70.156915398899997,Active,Yes
658,0,0.000000000000000,,,1,68.655937068499995,70.096826303399993,Active,Yes
659,0,0.000000000000000,,,1,68.291950856300005,70.185335009300005,Active,Yes
